Workbook

Sheet DETAIL
A1: COURSE | B1: NO | C1: TAG | D1: DESCRIPTION | E1: TYPE | F1: HOW | G1: DUE | H1: STATUS | I1: SCORE | J1: LIMIT
A2: ITAI-2376 | B2: =ROW()-1 -> 1 | C2: INTR | D2: Class Preparedness Quiz | E2: Introduction | F2: Indivdual | I2: 6 | J2: 6
A3: ITAI-2376 | B3: =ROW()-1 -> 2 | C3: INTR | D3: Participation/Attendance Grade - No Submission! <optional> | E3: Introduction | F3: Indivdual | I3: 100 | J3: 100
A4: ITAI-2376 | B4: =ROW()-1 -> 3 | C4: INTR | D4: Student Intro <optional> | E4: Introduction | F4: Indivdual | I4: 12 | J4: 12
A5: ITAI-2376 | B5: =ROW()-1 -> 4 | C5: A02 | D5: A02 A Comparative Analysis of Machine Learning and Deep Learning Tools and Frameworks | E5: Assignments | F5: Team | G5: 46268 | H5: Graded | I5: 95 | J5: 100
A6: ITAI-2376 | B6: =ROW()-1 -> 5 | C6: L02 | D6: L02 Exploring Deep Learning Tools: A No-Code Introduction to TensorFlow and Keras | E6: Laboratories | F6: Team | G6: 46272 | H6: Problem | I6: 100 | J6: 100
A7: ITAI-2376 | B7: =ROW()-1 -> 6 | C7: A03 | D7: A03 Neural Network Zoo | E7: Assignments | F7: Team | G7: 46275 | H7: Submitted | I7: 100 | J7: 100
A8: ITAI-2376 | B8: =ROW()-1 -> 7 | C8: A04 | D8: A04 ITAI 2376 Deep Learning for an 11 year old | E8: Assignments | F8: Team | G8: 46282
A9: ITAI-2376 | B9: =ROW()-1 -> 8 | C9: L04 | D9: L04 Lab ITAI 2376 | E9: Assignments | F9: Team | G9: 46286 | I9: 0 | J9: 0
A10: ITAI-2376 | B10: =ROW()-1 -> 9 | I10: 0 | J10: 0
A11: ITAI-2376 | B11: =ROW()-1 -> 10 | I11: 0 | J11: 0
A12: ITAI-2376 | B12: =ROW()-1 -> 11 | I12: 0 | J12: 0
A13: ITAI-2376 | B13: =ROW()-1 -> 12 | I13: 0 | J13: 0
A14: ITAI-2376 | B14: =ROW()-1 -> 13 | I14: 0 | J14: 0
A15: ITAI-2376 | B15: =ROW()-1 -> 14 | I15: 0 | J15: 0
A16: ITAI-2376 | B16: =ROW()-1 -> 15 | I16: 0 | J16: 0
A17: ITAI-2376 | B17: =ROW()-1 -> 16 | I17: 0 | J17: 0
A18: ITAI-2376 | B18: =ROW()-1 -> 17 | I18: 0 | J18: 0
A19: ITAI-2376 | B19: =ROW()-1 -> 18 | I19: 0 | J19: 0
A20: ITAI-2376 | B20: =ROW()-1 -> 19 | I20: 0 | J20: 0
A21: ITAI-2376 | B21: =ROW()-1 -> 20 | I21: 0 | J21: 0

Sheet SUMMARY
A1: COURSE | B1: NO | C1: GROUP | D1: % | E1: LIMIT | F1: TOTAL | G1: DIFF | H1: COUNT | I1: SCORE | J1: RESULT | K1: GRADE
A2: ITAI-2376 | B2: =ROW()-1 -> 1 | C2: Introduction | D2: 0 | E2: 118 | F2: =SUMIF(DETAIL!$E$2:$E$998,C2,DETAIL!$I$2:$I$998) -> 118 | G2: =E2-F2 -> 0 | H2: =COUNTIF(DETAIL!$E$2:$E$103,C2) -> 3 | I2: =IF(F2>0,F2/E2*100,0) -> 100 | J2: =D2*I2 -> 0 | K2: =IF(I2>=90,"A",IF(I2>=80,"B",IF(I2>=70,"C",IF(I2>=60,"D","F")))) -> A
A3: ITAI-2376 | B3: =ROW()-1 -> 2 | C3: Assignments | D3: 0.15 | E3: 100 | F3: =SUMIF(DETAIL!$E$2:$E$998,C3,DETAIL!$I$2:$I$998) -> 195 | G3: =E3-F3 -> -95 | H3: =COUNTIF(DETAIL!$E$2:$E$103,C3) -> 4 | I3: =IF(F3>0,F3/E3*100,0) -> 195 | J3: =D3*I3 -> 29.25 | K3: =IF(I3>=90,"A",IF(I3>=80,"B",IF(I3>=70,"C",IF(I3>=60,"D","F")))) -> A
A4: ITAI-2376 | B4: =ROW()-1 -> 3 | C4: Laboratories | D4: 0.3 | E4: 100 | F4: =SUMIF(DETAIL!$E$2:$E$998,C4,DETAIL!$I$2:$I$998) -> 100 | G4: =E4-F4 -> 0 | H4: =COUNTIF(DETAIL!$E$2:$E$103,C4) -> 1 | I4: =IF(F4>0,F4/E4*100,0) -> 100 | J4: =D4*I4 -> 30 | K4: =IF(I4>=90,"A",IF(I4>=80,"B",IF(I4>=70,"C",IF(I4>=60,"D","F")))) -> A
A5: ITAI-2376 | B5: =ROW()-1 -> 4 | C5: Term Project MidTerm | D5: 0.2 | E5: 0 | F5: =SUMIF(DETAIL!$E$2:$E$998,C5,DETAIL!$I$2:$I$998) -> 0 | G5: =E5-F5 -> 0 | H5: =COUNTIF(DETAIL!$E$2:$E$103,C5) -> 0 | I5: =IF(F5>0,F5/E5*100,0) -> 0 | J5: =D5*I5 -> 0 | K5: =IF(I5>=90,"A",IF(I5>=80,"B",IF(I5>=70,"C",IF(I5>=60,"D","F")))) -> F
A6: ITAI-2376 | B6: =ROW()-1 -> 5 | C6: Capstone Project | D6: 0.2 | E6: 0
A7: ITAI-2376 | B7: =ROW()-1 -> 6 | C7: Portfolio | D7: 0.15 | E7: 0
A8: ITAI-2376 | B8: =ROW()-1 -> 7 | C8: TOTAL | D8: =SUM(D2:D7) -> 1 | E8: =SUM(E2:E7) -> 318 | F8: =SUM(F2:F7) -> 413 | G8: =E8-F8 -> -95 | H8: =SUM(H2:H7) -> 8 | I8: =SUM(I2:I7) -> 395 | J8: =SUM(J2:J7) -> 59.25 | K8: =IF(J8>=90,"A",IF(J8>=80,"B",IF(J8>=70,"C",IF(J8>=60,"D","F")))) -> F
